"genus_id","scientific_name","character_id","character","state","confidence","in_matrix","source","source_url","evidence"
"leptanilla","Leptanilla","gen-7","Mandibular dentition","1","medium","yes","Griebenow 2024, Systematic revision of the ant subfamily Leptanillinae (ZooKeys 1189: 83–184)","https://doi.org/10.3897/zookeys.1189.107506","revelierii group ""Mandible with 3–4 teeth""; L. poggii (Italy: Pantellaria) keys as four teeth; state ""3"" not offered so 4-tooth state chosen"
"leptanilla","Leptanilla","gen-8","Palp formula (Myrmicinae)","2","high","yes","Griebenow 2024, Systematic revision of the ant subfamily Leptanillinae (ZooKeys 1189: 83–184)","https://doi.org/10.3897/zookeys.1189.107506","genus ""Maxillary palp 1- to 2-merous ... Labial palp 1-merous""; revelierii group ""Maxillary palpomere 1-merous"" -> palp formula 1,1"
"leptanilla","Leptanilla","gen-9","Lateral portions of the clypeus","0","medium","yes","Griebenow 2024, Systematic revision of the ant subfamily Leptanillinae (ZooKeys 1189: 83–184)","https://doi.org/10.3897/zookeys.1189.107506","revelierii group ""Lateral clypeal teeth absent""; subfamily ""Antennal sockets dorsal, fully exposed"" — no clypeal ridge before insertions"
"leptanilla","Leptanilla","gen-14","Petiole and postpetiole shape","0","low","yes","Griebenow 2024, Systematic revision of the ant subfamily Leptanillinae (ZooKeys 1189: 83–184)","https://doi.org/10.3897/zookeys.1189.107506","subfamily ""Petiole sessile, rarely subsessile""; no cubical node or basal spongy ""skirt"" described anywhere in the revision — rounded/sessile node"
"leptanilla","Leptanilla","gen-15","Ventral surface of petiole and postpetiole","0|1","medium","yes","Griebenow 2024, Systematic revision of the ant subfamily Leptanillinae (ZooKeys 1189: 83–184)","https://doi.org/10.3897/zookeys.1189.107506","genus & revelierii-group worker diagnosis: ""Subpetiolar process present or absent"" — polymorphic within the genus/Italian fauna"
"leptanilla","Leptanilla","gen-17","Postpetiole","0","medium","yes","Griebenow 2024, Systematic revision of the ant subfamily Leptanillinae (ZooKeys 1189: 83–184)","https://doi.org/10.3897/zookeys.1189.107506","genus worker diagnosis: ""Abdominal segment III narrowly joined to abdominal segment IV"" — postpetiole meets anterior face of gaster, not superior face"
"leptanilla","Leptanilla","gen-18","Gaster shape","0","low","yes","Griebenow 2024, Systematic revision of the ant subfamily Leptanillinae (ZooKeys 1189: 83–184)","https://doi.org/10.3897/zookeys.1189.107506","Leptanilla gaster elongate/subcylindrical (tergites IV–VII described serially); cordiform (heart-shaped) state is the Crematogaster autapomorphy, absent here"
"leptanilla","Leptanilla","gen-19","Sting","0","low","yes","Griebenow 2024, Systematic revision of the ant subfamily Leptanillinae (ZooKeys 1189: 83–184)","https://doi.org/10.3897/zookeys.1189.107506","subfamily worker diagnosis: ""Sting present"" (simple, functional); the triangular apicodorsal sting appendage is the Crematogaster (Myrmicinae) condition, not present in Leptanilla"
"stigmatomma","Stigmatomma","gen-1","Erect setae on the mesosoma","1","high","yes","Hsu et al. 2017, ZooKeys 705 — Stigmatomma luyiae worker description","https://doi.org/10.3897/zookeys.705.10296","Worker description: 'Mesosoma covered with erect to subdecumbent pilosity' — erect setae present."
"stigmatomma","Stigmatomma","gen-2","Head shape","1","high","yes","Hsu et al. 2017, ZooKeys 705 — Stigmatomma luyiae worker description","https://doi.org/10.3897/zookeys.705.10296","Worker description: 'Dorsal face of the head quadrate (CI: 100)' — head square, not triangular."
"stigmatomma","Stigmatomma","gen-4","Segments of the antennal club","0","medium","yes","Yoshimura & Fisher 2016, Biodiversity Data Journal 4:e8032 — Stigmatomma worker genus diagnosis","https://doi.org/10.3897/BDJ.4.e8032","Diagnosis 'Number of antennomeres: 10-12' with 'pilosity similar present on all antennomeres'; antenna gradually incrassate, no distinct club described."
"stigmatomma","Stigmatomma","gen-8","Palp formula (Myrmicinae)","2;3","high","yes","Borowiec & Salata 2022, A monographic review of ants of Greece Vol 1","https://www.antwiki.org/wiki/Stigmatomma","Key: S. impressifrons ""Palpal formula 5:3""; S. denticulatum ""Palpal formula 4:3"" (Borowiec & Salata 2022) -> genus states 5,3 + 4,3"
"stigmatomma","Stigmatomma","gen-9","Lateral portions of the clypeus","0","medium","yes","Hsu et al. 2017, ZooKeys 705 — Stigmatomma luyiae worker description","https://doi.org/10.3897/zookeys.705.10296","'median area of the clypeus extending posteriorly as a narrow longitudinal strip between the antennal sockets'; no lateral clypeal ridge before insertions."
"stigmatomma","Stigmatomma","gen-10","Mesosoma profile","0","low","yes","Yoshimura & Fisher 2016, Biodiversity Data Journal 4:e8032 — Stigmatomma worker genus diagnosis","https://doi.org/10.3897/BDJ.4.e8032","Inferred: mesosomal dorsum low and even in Stigmatomma workers; no raised/domed promesonotum stepping above propodeum. No explicit level statement in accessed text."
"stigmatomma","Stigmatomma","gen-11","Lateral sides of the pronotum","1","low","yes","Yoshimura & Fisher 2016, Biodiversity Data Journal 4:e8032 — Stigmatomma worker genus diagnosis","https://doi.org/10.3897/BDJ.4.e8032","Inferred: pronotum unarmed with rounded humeri (no pronotal angles/teeth) in the genus; no explicit dorsal-outline statement in accessed worker descriptions."
"stigmatomma","Stigmatomma","gen-14","Petiole and postpetiole shape","0","low","yes","Yoshimura & Fisher 2016, Biodiversity Data Journal 4:e8032 — Stigmatomma worker genus diagnosis","https://doi.org/10.3897/BDJ.4.e8032","Worker diagnosis: 'Petiole (abdominal segment II) sessile'; single broad low node, no cubical form and no spongy basal skirt."
"stigmatomma","Stigmatomma","gen-15","Ventral surface of petiole and postpetiole","1","high","yes","Hsu et al. 2017, ZooKeys 705 — Stigmatomma luyiae worker description","https://doi.org/10.3897/zookeys.705.10296","Worker description: 'Subpetiolar process well developed and lobe-shaped'; genus diagnosis 'Subpetiolar process present'."
"stigmatomma","Stigmatomma","gen-18","Gaster shape","0","medium","yes","Hsu et al. 2017, ZooKeys 705 — Stigmatomma luyiae worker description","https://doi.org/10.3897/zookeys.705.10296","Gaster = abdominal segments III-VII, elongate/subcylindrical ('Gaster imbricate; mostly covered with suberect pilosity'); not cordiform (no dorsally-inserted postpetiole)."
"dorylus","Dorylus","gen-2","Head shape","1","low","yes","Borowiec, M.L. (2016) Generic revision of the ant subfamily Dorylinae. ZooKeys 608: 1-280","https://doi.org/10.3897/zookeys.608.9427","Borowiec (2016) does not describe overall head outline; inferred not-triangular from the elongate worker head capsule ('differentiated vertical posterior surface above occipital foramen'), a shape indicator but not a direct statement"
"dorylus","Dorylus","gen-9","Lateral portions of the clypeus","0","medium","yes","Borowiec, M.L. (2016) Generic revision of the ant subfamily Dorylinae. ZooKeys 608: 1-280","https://doi.org/10.3897/zookeys.608.9427","'Clypeus without cuticular apron. Lateroclypeal teeth absent' - lateral clypeus not raised as a ridge before the antennal insertions"
"dorylus","Dorylus","gen-10","Mesosoma profile","0","low","yes","Borowiec, M.L. (2016) Generic revision of the ant subfamily Dorylinae. ZooKeys 608: 1-280","https://doi.org/10.3897/zookeys.608.9427","Inference: 'Metanotal depression or groove on mesosoma absent' - dorsal outline continuous/level, promesonotum not raised above propodeum"
"dorylus","Dorylus","gen-14","Petiole and postpetiole shape","0","medium","yes","Borowiec, M.L. (2016) Generic revision of the ant subfamily Dorylinae. ZooKeys 608: 1-280","https://doi.org/10.3897/zookeys.608.9427","'single waist segment'; 'Petiole anterodorsally immarginate, dorsolaterally immarginate' - nodiform, not cubical, no spongy basal skirt"
"dorylus","Dorylus","gen-17","Postpetiole","0","medium","yes","Borowiec, M.L. (2016) Generic revision of the ant subfamily Dorylinae. ZooKeys 608: 1-280","https://doi.org/10.3897/zookeys.608.9427","'Helcium in relation to tergosternal suture placed at posttergite and axial' - waist meets the anterior face of the gaster (not the Crematogaster-type dorsal attachment)"
"dorylus","Dorylus","gen-18","Gaster shape","0","low","yes","Borowiec, M.L. (2016) Generic revision of the ant subfamily Dorylinae. ZooKeys 608: 1-280","https://doi.org/10.3897/zookeys.608.9427","Inference: gaster elongate with girdling constrictions across abdominal segments IV-VI (driver-ant gaster), not the flattened heart-shaped (cordiform) condition"
"proceratium","Proceratium","gen-1","Erect setae on the mesosoma","1","high","yes","Staab, Xu & Hita Garcia 2018, ZooKeys 770 — Proceratium of China, worker description (P. bruelheidei, itoi clade)","https://doi.org/10.3897/zookeys.770.24908","Worker: 'dorsal surfaces of body with abundant significantly longer suberect and erect hairs'; genus 'extremely hairy'."
"proceratium","Proceratium","gen-2","Head shape","1","high","yes","Staab, Xu & Hita Garcia 2018, ZooKeys 770 — Proceratium of China, worker description (P. bruelheidei, itoi clade)","https://doi.org/10.3897/zookeys.770.24908","Worker: 'head slightly longer than broad' — subrectangular, not triangular (genus-invariant)."
"proceratium","Proceratium","gen-9","Lateral portions of the clypeus","0","low","yes","Staab, Xu & Hita Garcia 2018, ZooKeys 770 — Proceratium of China, worker description (P. bruelheidei, itoi clade)","https://doi.org/10.3897/zookeys.770.24908","Worker: 'Clypeus reduced and narrow, with a broadly triangular median anterior projection' — lateral clypeus not raised as a ridge."
"proceratium","Proceratium","gen-10","Mesosoma profile","0","low","yes","Staab, Xu & Hita Garcia 2018, ZooKeys 770 — Proceratium of China, worker description (P. bruelheidei, itoi clade)","https://doi.org/10.3897/zookeys.770.24908","Worker: 'Mesosoma in profile slightly convex' — near-continuous dorsal arch, promesonotum about level with propodeum."
"proceratium","Proceratium","gen-14","Petiole and postpetiole shape","0","medium","yes","Staab, Xu & Hita Garcia 2018, ZooKeys 770 — Proceratium of China, worker description (P. bruelheidei, itoi clade)","https://doi.org/10.3897/zookeys.770.24908","Worker: 'Petiolar node in profile high, nodiform' — not cubical, no spongy basal skirt (genus-wide)."
"proceratium","Proceratium","gen-16","Postpetiole, dorsal view","0","medium","yes","Staab, Xu & Hita Garcia 2018, ZooKeys 770 — Proceratium of China, worker description (P. bruelheidei, itoi clade)","https://doi.org/10.3897/zookeys.770.24908","Worker: 'abdominal segment III [postpetiole] anteriorly much broader than petiole' (genus-typical enlarged postpetiole)."
"proceratium","Proceratium","gen-17","Postpetiole","1","low","yes","Staab, Xu & Hita Garcia 2018, ZooKeys 770 — Proceratium of China, worker description (P. bruelheidei, itoi clade)","https://doi.org/10.3897/zookeys.770.24908","Worker: 'Abdominal segment IV very large, strongly recurved' — vaulted gaster, postpetiole meeting its anterodorsal/superior face."
"harpagoxenus","Harpagoxenus","gen-14","Petiole and postpetiole shape","0","medium","yes","AntWiki: Harpagoxenus canadensis (diagnosis vs H. sublaevis)","https://www.antwiki.org/wiki/Harpagoxenus_canadensis","H. sublaevis petiole nodiform 'with the sharp lateral carinae', postpetiole with ventral tooth; not a cuboidal node, no spongy skirt."
"harpagoxenus","Harpagoxenus","gen-43","Median clypeal dorsum, frontal view (Myrmicinae)","1","low","yes","AntWiki: Harpagoxenus genus page (state inferred by proxy from allied Leptothorax-group genera; not a direct Harpagoxenus statement)","https://www.antwiki.org/wiki/Harpagoxenus","Genus-proxy inference: Harpagoxenus nests within the Leptothorax/Temnothorax clade, whose median clypeal dorsum is convex (often with longitudinal rugae/median carina), not longitudinally depressed."
"harpagoxenus","Harpagoxenus","gen-44","Postpetiolar sternite spine (Myrmicinae)","0","high","yes","AntWiki: Harpagoxenus canadensis (Smith 1939 diagnosis)","https://www.antwiki.org/wiki/Harpagoxenus_canadensis","H. canadensis differs from H. sublaevis by 'postpetiole without the long, distinct, ventral tooth' — so sublaevis bears the acute ventral spine."
"oxyopomyrmex","Oxyopomyrmex","gen-7","Mandibular dentition","3","high","yes","AntWiki: Oxyopomyrmex genus & O. saulcyi (Salata & Borowiec 2015)","https://www.antwiki.org/wiki/Oxyopomyrmex_saulcyi","Genus diagnosis 'Mandible striate, with 7-8 teeth'; O. saulcyi worker 'inner margin with 7-8 teeth' (falls in 6-9)."
"oxyopomyrmex","Oxyopomyrmex","gen-43","Median clypeal dorsum, frontal view (Myrmicinae)","1","medium","yes","AntWiki: Oxyopomyrmex saulcyi (Salata & Borowiec 2015)","https://www.antwiki.org/wiki/Oxyopomyrmex_saulcyi","O. saulcyi 'Clypeus...with longitudinal and transverse striation, shiny' — median clypeal dorsum striate/convex, not longitudinally depressed."
"oxyopomyrmex","Oxyopomyrmex","gen-44","Postpetiolar sternite spine (Myrmicinae)","1","medium","yes","AntWiki: Oxyopomyrmex saulcyi (Salata & Borowiec 2015 revision)","https://www.antwiki.org/wiki/Oxyopomyrmex_saulcyi","O. saulcyi worker: postpetiole rounded in profile with no ventral postpetiolar spine; the tooth-like ventral process is borne on the petiole, so the postpetiolar sternite spine is absent/reduced."
"cardiocondyla","Cardiocondyla","gen-7","Mandibular dentition","2","high","yes","AntWiki: Cardiocondyla (Seifert 2003; Eguchi, Bui & Yamane 2011)","https://www.antwiki.org/wiki/Cardiocondyla","Seifert 2003 / Eguchi et al. 2011: 'mandible triangular, with 5 teeth which decrease in size from apex to base'."
"cardiocondyla","Cardiocondyla","gen-43","Median clypeal dorsum, frontal view (Myrmicinae)","1","high","yes","AntWiki: Cardiocondyla (Eguchi, Bui & Yamane 2011)","https://www.antwiki.org/wiki/Cardiocondyla","'median portion of clypeus prominently extended forward...to form a shelf...elevated away from the dorsal surface of mandibles' — raised/convex."
"cardiocondyla","Cardiocondyla","gen-44","Postpetiolar sternite spine (Myrmicinae)","1","medium","yes","AntWiki: Cardiocondyla / C. batesii (Seifert 2003, 2023)","https://www.antwiki.org/wiki/Cardiocondyla_batesii","Genus diagnosis describes no postpetiolar ventral spine; C. batesii 'Postpetiolar sternite without any flat bulge' — spine absent/reduced."
"crematogaster","Crematogaster","gen-7","Mandibular dentition","1","high","yes","AntWiki: Crematogaster (Eguchi, Bui & Yamane 2011)","https://www.antwiki.org/wiki/Crematogaster","Eguchi et al. 2011 genus diagnosis: 'masticatory margin oblique, with 4 teeth' (some species 4-5; European fauna 4)."
"crematogaster","Crematogaster","gen-43","Median clypeal dorsum, frontal view (Myrmicinae)","1","high","yes","AntWiki: Crematogaster (Eguchi, Bui & Yamane 2011)","https://www.antwiki.org/wiki/Crematogaster","Eguchi et al. 2011: 'median portion of clypeus roundly expanded anteriad, partly overhanging basal part of mandibles' — convex."
"crematogaster","Crematogaster","gen-44","Postpetiolar sternite spine (Myrmicinae)","1","medium","yes","AntWiki: Crematogaster crinosa; antsofafrica genus diagnosis","https://www.antwiki.org/wiki/Crematogaster_crinosa","'postpetiole with no ventral tooth' (C. crinosa); the acute anteroventral tooth is on the petiole, not the postpetiolar sternite."
"manica","Manica","gen-14","Petiole and postpetiole shape","0","medium","yes","AntWiki: Manica rubida (He et al. 2024)","https://www.antwiki.org/wiki/Manica_rubida","M. rubida 'Petiole node...with an almost vertical posterior face...Postpetiolar node...with a vertical posterior face' — nodiform, not cubical, no spongy skirt."
"manica","Manica","gen-43","Median clypeal dorsum, frontal view (Myrmicinae)","1","medium","yes","AntWiki: Manica invidia; Zharkov et al. 2022 (Insects)","https://www.antwiki.org/wiki/Manica_invidia","Manica clypeus 'very convex' (M. invidia) and 'longitudinally rugose' (Zharkov et al. 2022) — convex median dorsum, not depressed."
"manica","Manica","gen-44","Postpetiolar sternite spine (Myrmicinae)","0","high","yes","AntWiki: Manica rubida (He et al. 2024); Zharkov et al. 2022","https://www.antwiki.org/wiki/Manica_rubida","M. rubida 'postpetiolar sternite anteroventrally produced as an acute angle directed forward'; 'prominent ventral process...acute from the side view'."
"solenopsis","Solenopsis","gen-7","Mandibular dentition","1","high","yes","Sharaf, Aldawood & Taylor 2012, PLoS ONE 7(11):e49485 – genus character states (after Ettershank & Bolton)","https://doi.org/10.1371/journal.pone.0049485","""The mandibles of Solenopsis species are tri or quadridentate""; representative workers 4-dentate on masticatory margin."
"solenopsis","Solenopsis","gen-43","Median clypeal dorsum, frontal view (Myrmicinae)","1","high","yes","Sharaf, Aldawood & Taylor 2012, PLoS ONE 7(11):e49485 – genus character states (after Ettershank & Bolton)","https://doi.org/10.1371/journal.pone.0049485","""the clypeus longitudinally bicarinate, with the median area sharply elevated"" — median dorsum convex/carinate, not depressed."
"strongylognathus","Strongylognathus","gen-7","Mandibular dentition","0","high","yes","Lapeva-Gjonova & Radchenko 2021, Biodiversity Data Journal 9:e65742 – genus diagnosis","https://doi.org/10.3897/BDJ.9.e65742","""falcate, toothless mandibles without a defined masticatory margin"" — only the apical present."
"strumigenys","Strumigenys","gen-7","Mandibular dentition","3|4","medium","yes","Hamer, Marquis & Guénard 2021, J. Hym. Res. 83:107 (West-Palaearctic key); Loulakis et al. 2025 (S. membranifera record)","https://doi.org/10.3897/jhr.83.66829","Polymorphic in Europe: argiola with ""3–4 preapical denticles"" plus apical fork (≈6 teeth); membranifera ""serially dentate margin (12 teeth)""."
"strumigenys","Strumigenys","gen-43","Median clypeal dorsum, frontal view (Myrmicinae)","1","low","yes","Loulakis et al. 2025, ARPHA Preprints (S. membranifera diagnostic features, after Borowiec & Salata 2025)","https://doi.org/10.3897/arphapreprints.e183370","S. membranifera diagnosis: ""a broad, projecting clypeus"" — a convex shield, not a longitudinally depressed non-carinate clypeus."
"strumigenys","Strumigenys","gen-44","Postpetiolar sternite spine (Myrmicinae)","1","medium","yes","Hamer, Marquis & Guénard 2021, J. Hym. Res. 83:107 (argiola worker); Loulakis et al. 2025 (membranifera)","https://doi.org/10.3897/jhr.83.66829","Ventral postpetiole bears spongiform tissue, not an acute spine: argiola ""ventrally ... with spongiform tissue""; membranifera ""strongly developed spongiform appendages on the waist and at the base of the first gastral sternite""."
"messor","Messor","gen-43","Median clypeal dorsum, frontal view (Myrmicinae)","1","medium","yes","Salata, Lapeva-Gjonova, Georgiadis & Borowiec 2023, ZooKeys 1185 (Messor semirufus complex, worker descriptions)","https://doi.org/10.3897/zookeys.1185.111484","Worker clypeus convex/sculptured, variably carinate: one sp. ""centrally with longitudinal rugae and with median keel""; others ""median clypeal carinae absent"" — never longitudinally depressed."
"messor","Messor","gen-44","Postpetiolar sternite spine (Myrmicinae)","1","medium","yes","Salata, Lapeva-Gjonova, Georgiadis & Borowiec 2023, ZooKeys 1185 (Messor semirufus complex, worker descriptions)","https://doi.org/10.3897/zookeys.1185.111484","Worker postpetiole described repeatedly as ""Rounded in profile, globular in dorsal view"" — no acute ventral (sternal) spine."
"monomorium","Monomorium","gen-43","Median clypeal dorsum, frontal view (Myrmicinae)","1","high","yes","Sharaf et al. 2021, PeerJ 9:e10726 — Monomorium genus worker diagnosis (verified full text)","https://peerj.com/articles/10726/","Genus worker diagnosis (after Bolton 1987): ""median portion of clypeus raised, the raised portion usually longitudinally bicarinate""."
"monomorium","Monomorium","gen-44","Postpetiolar sternite spine (Myrmicinae)","1","medium","yes","Sharaf et al. 2021, PeerJ 9:e10726 — Monomorium worker descriptions (verified full text)","https://peerj.com/articles/10726/","Waist described as simple node with petiolar ""subpetiolar process broad and blunt""; no acute postpetiolar-sternite spine in any treated worker."
"myrmecina","Myrmecina","gen-43","Median clypeal dorsum, frontal view (Myrmicinae)","1","low","yes","AntWiki: Myrmecina (genus worker diagnosis)","https://www.antwiki.org/wiki/Myrmecina","AntWiki genus diagnosis describes the median clypeal margin as raised above the mandibular bases (convex), not longitudinally depressed. Quote not independently re-verifiable (AntWiki behind Cloudflare)."
"myrmecina","Myrmecina","gen-44","Postpetiolar sternite spine (Myrmicinae)","0","low","yes","AntWiki: Myrmecina species pages (congeners)","https://www.antwiki.org/wiki/Myrmecina","Anteriorly-projecting acute ventral postpetiolar process is the prevailing genus condition across congeners; Italian M. graminicola worker not directly confirmed and AntWiki quotes not re-verifiable here."
"myrmica","Myrmica","gen-43","Median clypeal dorsum, frontal view (Myrmicinae)","1","medium","yes","Jansen, Radchenko & Elmes 2016, ZooKeys — Myrmica worker description (verified PMC4978074 full text)","https://www.ncbi.nlm.nih.gov/pmc/articles/PMC4978074/","Myrmica worker: ""Clypeus longitudinally rugose"", median clypeus convex/rugose — not longitudinally depressed without carina."
"myrmica","Myrmica","gen-44","Postpetiolar sternite spine (Myrmicinae)","1","high","yes","Jansen, Radchenko & Elmes 2016, ZooKeys — parasite vs free-living diagnosis (verified PMC4978074 full text)","https://www.ncbi.nlm.nih.gov/pmc/articles/PMC4978074/","""plate-like tooth or lobe on the ventral surfaces of the petiole and postpetiole"" is a SOCIAL-PARASITE feature vs free-living Myrmica — free-living Italian species lack it."
"pheidole","Pheidole","gen-43","Median clypeal dorsum, frontal view (Myrmicinae)","1","medium","yes","Casadei-Ferreira et al. 2021, PLOS ONE 16:e0244195 — Pheidole worker (verified full text)","https://journals.plos.org/plosone/article?id=10.1371/journal.pone.0244195","Minor worker: ""anterior margin regularly convex; clypeus with median longitudinal carina absent"" — median clypeus convex, carina present-to-absent (=state 1)."
"pheidole","Pheidole","gen-44","Postpetiolar sternite spine (Myrmicinae)","1","medium","yes","Casadei-Ferreira et al. 2021, PLOS ONE 16:e0244195 — Pheidole worker (verified full text)","https://journals.plos.org/plosone/article?id=10.1371/journal.pone.0244195","Worker: ""postpetiole short with slightly convex dorsum"" — a low node, no well-developed acute ventral postpetiolar-sternite spine."
"stenamma","Stenamma","gen-43","Median clypeal dorsum, frontal view (Myrmicinae)","0","low","yes","Branstetter 2013, ZooKeys 295 — Stenamma clypeus structure (verified full text PDF)","https://pmc.ncbi.nlm.nih.gov/articles/PMC3677376/","Median lobe variable: ""can be completely smooth or have a pair of faint to somewhat distinct longitudinal carinulae"" — no single raised median carina; binary coding is judgment-based."
"stenamma","Stenamma","gen-44","Postpetiolar sternite spine (Myrmicinae)","1","low","yes","AntWiki: Key to Stenamma westwoodii-group W Europe (Rigato 2011)","https://www.antwiki.org/wiki/Key_to_Stenamma_westwoodii_species-group_workers_of_Western_Europe_and_North_African","European Stenamma workers lack a well-developed acute postpetiolar-sternite spine (low sternal prominence per W-European revision). AntWiki quote not re-verifiable here."
"tetramorium","Tetramorium","gen-43","Median clypeal dorsum, frontal view (Myrmicinae)","1","high","yes","Sharaf et al. 2012 (PLoS ONE), Tetramorium worker genus diagnosis; AntWiki Tetramorium bicarinatum species group","https://www.ncbi.nlm.nih.gov/pmc/articles/PMC3289629/","""either median clypeal carina or median cephalic carina usually present, or both present""; median clypeus with three strong longitudinal carinae"
"tetramorium","Tetramorium","gen-44","Postpetiolar sternite spine (Myrmicinae)","1","low","partial","AntWiki, Tetramorium bicarinatum species group (worker diagnosis)","https://www.antwiki.org/wiki/Tetramorium_bicarinatum_species_group","Genus/group diagnosis: ""postpetiole roughly rounded""; no ventral acute postpetiolar sternite spine described (absence inference)"
"formicoxenus","Formicoxenus","gen-19","Sting","0","low","partial","AntWiki, Tetramorium bicarinatum species group (documents the triangular sting appendage as the Tetramorium condition; inference by tribal exclusion)","https://www.antwiki.org/wiki/Tetramorium_bicarinatum_species_group","Triangular apicodorsal sting appendage (""Sting appendage triangular, dentate or pennant-shaped"") is a Tetramoriini/Tetramorium feature; Formicoxenus is not Tetramoriini, so lacks it"
"leptothorax","Leptothorax","gen-14","Petiole and postpetiole shape","0","low","yes","AntWiki, Leptothorax acervorum (worker diagnosis)","https://www.antwiki.org/wiki/Leptothorax_acervorum","""Petiolar node high, triangular; anterior margin sloping steeply forwards in profile"" — nodiform/triangular, not cubical; no spongiform basal skirt"
"temnothorax","Temnothorax","gen-44","Postpetiolar sternite spine (Myrmicinae)","1","low","partial","AntWiki, Key to Temnothorax of eastern United States; AntWiki Temnothorax genus page","https://www.antwiki.org/wiki/Key_to_Temnothorax_of_eastern_United_States","Key couplet: enlarged subpostpetiolar process present in slave-maker duloticus vs. ""absent or weakly developed"" in free-living species (incl. Italian fauna)"
"cryptopone","Cryptopone","gen-3","Number of antennal segments","4","high","yes","Bolton 2003, Synopsis and Classification of Formicidae (Mem. Amer. Entomol. Inst. 71), Appendix 2 (AC field)","https://www.antcat.org/references/32544","Cryptopone WORKER/QUEEN: AC 12(gi,4,5 weak). PF 2,2."
"hypoponera","Hypoponera","gen-3","Number of antennal segments","4","high","yes","Bolton 2003, Synopsis and Classification of Formicidae (Mem. Amer. Entomol. Inst. 71), Appendix 2 (AC field)","https://www.antcat.org/references/32544","Hypoponera WORKER/QUEEN (a few species ergatoid): AC 12(gi,4,5). PF 1,2; 1,1."
"ponera","Ponera","gen-3","Number of antennal segments","4","high","yes","Bolton 2003, Synopsis and Classification of Formicidae (Mem. Amer. Entomol. Inst. 71), Appendix 2 (AC field)","https://www.antcat.org/references/32544","Ponera WORKER/QUEEN: AC 12(gi,4,5). PF 2,2. TDC 7-13."
"brachyponera","Brachyponera","gen-3","Number of antennal segments","4","high","yes","Chen et al. 2025, redescription of Brachyponera chinensis (via AntWiki)","https://www.antwiki.org/wiki/Brachyponera_chinensis","Antennae 12-segmented, scape slightly exceeds posterolateral corner. Genus absent from Bolton 2003 App.2 (then a synonym of Pachycondyla); value sourced at species level for the type/best-known Italian sp."
"bothriomyrmex","Bothriomyrmex","gen-3","Number of antennal segments","4","high","yes","Bolton 2003, Synopsis and Classification of Formicidae (Mem. Amer. Entomol. Inst. 71), Appendix 2 (AC field)","https://www.antcat.org/references/32544","Bothriomyrmex WORKER/QUEEN: AC 12(gi). PF 4,3; 2,3; 2,2."
"dolichoderus","Dolichoderus","gen-3","Number of antennal segments","4","high","yes","Bolton 2003, Synopsis and Classification of Formicidae (Mem. Amer. Entomol. Inst. 71), Appendix 2 (AC field)","https://www.antcat.org/references/32544","Dolichoderus WORKER/QUEEN: AC 12(gi). PF 6,4. TDC 9-30(+)."
"linepithema","Linepithema","gen-3","Number of antennal segments","4","high","yes","Bolton 2003, Synopsis and Classification of Formicidae (Mem. Amer. Entomol. Inst. 71), Appendix 2 (AC field)","https://www.antcat.org/references/32544","Linepithema WORKER/QUEEN: AC 12(gi). PF 6,4. TDC 10-20(+)."
"liometopum","Liometopum","gen-3","Number of antennal segments","4","high","yes","Bolton 2003, Synopsis and Classification of Formicidae (Mem. Amer. Entomol. Inst. 71), Appendix 2 (AC field)","https://www.antcat.org/references/32544","Liometopum WORKER/QUEEN: AC 12(gi). PF 6,4. TDC 7-14(+)."
"tapinoma","Tapinoma","gen-3","Number of antennal segments","4","medium","yes","Bolton 2003, Synopsis and Classification of Formicidae (Mem. Amer. Entomol. Inst. 71), Appendix 2 (AC field)","https://www.antcat.org/references/32544","Tapinoma WORKER/QUEEN: AC 8, 11-12(0-gi). Coded 12 (state 4) as the dominant value for Italian congeners; genus spans 8/11/12 per Bolton — needs species-level check."
"hypoponera","Hypoponera","gen-6","Mandibular shape","0","high","yes","Schmidt & Shattuck 2014 (via AntWiki genus page)","https://www.antwiki.org/wiki/Hypoponera","mandibles triangular, with a variable number of small teeth and without basal pits or grooves"
"ponera","Ponera","gen-6","Mandibular shape","0","high","yes","Taylor 1967 (via AntWiki genus page)","https://www.antwiki.org/wiki/Ponera","Mandibles triangular, with 3 enlarged apical teeth followed by a series of small to minute denticles"
"brachyponera","Brachyponera","gen-6","Mandibular shape","0","high","yes","Schmidt & Shattuck 2014 (via AntWiki genus page)","https://www.antwiki.org/wiki/Brachyponera","Mandibles triangular and usually with a small basal groove/pit."
"bothriomyrmex","Bothriomyrmex","gen-6","Mandibular shape","0","medium","yes","Shattuck 1992 (via AntWiki genus page)","https://www.antwiki.org/wiki/Bothriomyrmex","mandibles with 5-6 teeth, 0-5 denticles, a distinct basal angle, and a smooth basal margin (triangular masticatory margin set off by basal angle; word ""triangular"" not used verbatim)"
"dolichoderus","Dolichoderus","gen-6","Mandibular shape","0","medium","yes","Shattuck 1992 (via AntWiki genus page)","https://www.antwiki.org/wiki/Dolichoderus","Mandible with about 11-13 teeth and no denticles ... Basal margin denticulate along entire surface (broad multidentate margin, not linear/falcate)"
"linepithema","Linepithema","gen-6","Mandibular shape","0","medium","yes","Wild 2007 (via AntWiki genus page)","https://www.antwiki.org/wiki/Linepithema","mandible with an elongate apical tooth and a smaller subapical tooth followed by 3-4 small teeth alternating with denticles, masticatory and inner margins meeting at a curve"
"liometopum","Liometopum","gen-6","Mandibular shape","0","medium","yes","Shattuck 1992 (via AntWiki genus page)","https://www.antwiki.org/wiki/Liometopum","mandible with about 7 to 9 teeth, an indistinct basal angle, and 3 to 5 denticles on the basal margin"
"tapinoma","Tapinoma","gen-6","Mandibular shape","0","medium","yes","Shattuck 1992 (via AntWiki genus page)","https://www.antwiki.org/wiki/Tapinoma","Mandibles with 3 to 7 teeth, about 7 denticles, and the basal angle indistinct (broad multidentate; weakest-fit but not linear/falcate)"
"cryptopone","Cryptopone","gen-6","Mandibular shape","0","medium","yes","Borowiec & Salata 2022 (Greece Vol 1) + Fisher et al. 2025 (ZooKeys 1264)","https://doi.org/10.3897/zookeys.1264.173399","C. ochracea ""mandibles with 6-7 strong dents"" (Borowiec & Salata 2022) = dentate margin, not falcate; genus ""triangular or falcate"" (Fisher et al. 2025), no falcate stated for ochracea -> triangular (state 0)"
"aphaenogaster","Aphaenogaster","gen-12","Propodeum","0;2","high","yes","Boer 2013 / AntWiki (A. spinosa, A. subterranea)","https://www.antwiki.org/wiki/Aphaenogaster","A. spinosa ""sturdy propodeal spines""; A. subterranea ""more developed propodeal spines... narrower and longer"". Genus variable (0/spine): keeps 0 + spine."
"myrmecina","Myrmecina","gen-12","Propodeum","2","medium","yes","Shattuck 2009 (via AntWiki)","https://www.antwiki.org/wiki/Myrmecina","propodeum ""armed with long spines near the angle as well as short spines or angles near the metanotal groove"""
"myrmica","Myrmica","gen-12","Propodeum","2","high","yes","Radchenko & Elmes 2010 (via AntWiki)","https://www.antwiki.org/wiki/Myrmica","long propodeal spines typical of the genus; AntWiki genus field propodeal_spine=present (not dentiform); M. specioides ""shorter propodeal spines"""
"oxyopomyrmex","Oxyopomyrmex","gen-12","Propodeum","2","high","yes","Reyes-Lopez 2025, Insects 16(6):581","https://doi.org/10.3390/insects16060581","consistent ""propodeal spines"" terminology (PSL, spine angle); even short ones called ""triangular propodeal spines"", never teeth"
"cardiocondyla","Cardiocondyla","gen-12","Propodeum","1","medium","yes","Seifert 2003 (via AntWiki)","https://www.antwiki.org/wiki/Cardiocondyla","genus ""unarmed to strongly bispinose""; C. nuda ""dentiform spines""; native C. elegans spines ""rather blunt"" -> teeth-like"
"stenamma","Stenamma","gen-12","Propodeum","1","medium","yes","AntWiki genus diagnosis (Branstetter/Bolton)","https://www.antwiki.org/wiki/Stenamma","Propodeum ""usually armed with a pair of teeth or short spines (rarely unarmed or with long spines)"""
"temnothorax","Temnothorax","gen-12","Propodeum","1","medium","yes","Collingwood 1979 / Csosz et al. 2015 (via AntWiki)","https://www.antwiki.org/wiki/Temnothorax","4/5 Italian spp. short teeth/spines (unifasciatus ""short but strong"", tuberum/recedens ""very short""); exception T. lichtensteini long spines. Genus-level = denti."
"formicoxenus","Formicoxenus","gen-12","Propodeum","1","low","yes","AntWiki taxobox (propodeal_spine=dentiform)","https://www.antwiki.org/wiki/Formicoxenus","AntWiki genus taxobox propodeal_spine=dentiform; genus page a stub, no prose. Low confidence."
"harpagoxenus","Harpagoxenus","gen-12","Propodeum","1","low","yes","AntWiki taxobox (propodeal_spine=dentiform; present)","https://www.antwiki.org/wiki/Harpagoxenus","AntWiki genus taxobox propodeal_spine=dentiform; present (dentiform listed first). Low confidence, no prose."
"leptothorax","Leptothorax","gen-12","Propodeum","1","medium","yes","AntWiki taxobox (propodeal_spine=dentiform; present)","https://www.antwiki.org/wiki/Leptothorax","AntWiki genus taxobox propodeal_spine=dentiform; present -> tooth-like. (User-provided AntWiki data.)"
"tetramorium","Tetramorium","gen-12","Propodeum","1","medium","yes","AntWiki taxobox (propodeal_spine=dentiform; present)","https://www.antwiki.org/wiki/Tetramorium","AntWiki genus taxobox propodeal_spine=dentiform; present. Genus genuinely variable across spp. (T. semilaeve short spiniform teeth, T. moravicum ""teeth long""); coded denti at genus level, variability noted. (User-provided AntWiki data.)"
"pheidole","Pheidole","gen-12","Propodeum","0;1","high","yes","AntWiki (P. pallidula)","https://www.antwiki.org/wiki/Pheidole","P. pallidula ""propodeal spines with small triangular teeth"". Genus keeps 0 (some unarmed) + denti."
"strumigenys","Strumigenys","gen-12","Propodeum","0;1","high","yes","AntWiki (S. argiola)","https://www.antwiki.org/wiki/Strumigenys","S. argiola ""Propodeal teeth very small but rather acute"". Keeps 0 + denti."
"crematogaster","Crematogaster","gen-12","Propodeum","1;2","medium","yes","AntWiki (genus propodeal spine variable) + user direction","https://www.antwiki.org/wiki/Crematogaster","Genus propodeal spine ""varying in size and shape""; user directs teeth AND spines -> armed, type variable."
"cryptopone","Cryptopone","gen-12","Propodeum","0","medium","yes","Schmidt & Shattuck 2014 (via AntWiki)","https://www.antwiki.org/wiki/Cryptopone","no propodeal armature mentioned; AntWiki taxobox propodeal_spine=absent"
"hypoponera","Hypoponera","gen-12","Propodeum","0","high","yes","Bolton & Fisher 2011 (via AntWiki)","https://www.antwiki.org/wiki/Hypoponera","Propodeum unarmed; propodeal lobes vestigial to absent."
"ponera","Ponera","gen-12","Propodeum","0","high","yes","Taylor 1967 / Csosz & Seifert 2003 (via AntWiki)","https://www.antwiki.org/wiki/Ponera","posterolateral edges sometimes bluntly marginate, not raised/toothed; P. coarctata ""blunt angles ~90deg, not raised"""
"brachyponera","Brachyponera","gen-12","Propodeum","0","medium","yes","Schmidt & Shattuck 2014 (via AntWiki)","https://www.antwiki.org/wiki/Brachyponera","no propodeal armature mentioned; AntWiki taxobox propodeal_spine=absent"
"bothriomyrmex","Bothriomyrmex","gen-12","Propodeum","0","high","yes","Shattuck 1992 (via AntWiki)","https://www.antwiki.org/wiki/Bothriomyrmex","Mesosomal spines and tooth absent. Propodeal angle indistinct to moderately distinct."
"dolichoderus","Dolichoderus","gen-12","Propodeum","1","high","yes","Borowiec & Salata 2022 (D. quadripunctatus, via AntWiki)","https://www.antwiki.org/wiki/Dolichoderus","Sole Italian sp. D. quadripunctatus: propodeum ""bidentate posteriorly"", sharply angulate posterior angles -> teeth (state 1), not rounded."
"linepithema","Linepithema","gen-12","Propodeum","0","high","yes","Shattuck 1992 (via AntWiki)","https://www.antwiki.org/wiki/Linepithema","mesosoma ""lacking spines or teeth""; Description ""Mesosomal spines and tooth absent"""
"liometopum","Liometopum","gen-12","Propodeum","0","high","yes","Shattuck 1992 (via AntWiki)","https://www.antwiki.org/wiki/Liometopum","Mesosomal spines and tooth absent."
"tapinoma","Tapinoma","gen-12","Propodeum","0","high","yes","Shattuck 1992 (via AntWiki)","https://www.antwiki.org/wiki/Tapinoma","Mesosomal spines and tooth absent (propodeum rarely with a dorsal tooth, non-Italian spp.)."
"aphaenogaster","Aphaenogaster","gen-8","Palp formula","5,3;4,3","high","yes","Bolton 2003, Synopsis and Classification of Formicidae (Mem. Amer. Entomol. Inst. 71), Appendix 2 (PF field)","https://www.antcat.org/references/32544","Aphaenogaster WORKER... PF 5,3; 4,3"
"cardiocondyla","Cardiocondyla","gen-8","Palp formula","5,3","high","yes","Bolton 2003, Synopsis and Classification of Formicidae (Mem. Amer. Entomol. Inst. 71), Appendix 2 (PF field)","https://www.antcat.org/references/32544","Cardiocondyla WORKER/QUEEN: AC 11-12(3). PF 5,3."
"crematogaster","Crematogaster","gen-8","Palp formula","5,3;4,3;3,2","high","yes","Bolton 2003, Synopsis and Classification of Formicidae (Mem. Amer. Entomol. Inst. 71), Appendix 2 (PF field)","https://www.antcat.org/references/32544","Crematogaster WORKER... PF 5,3; 4,3; 3,2"
"formicoxenus","Formicoxenus","gen-8","Palp formula","5,3;4,3","high","yes","Bolton 2003, Synopsis and Classification of Formicidae (Mem. Amer. Entomol. Inst. 71), Appendix 2 (PF field)","https://www.antcat.org/references/32544","Formicoxenus WORKER/intercastes... PF 5,3; 4,3"
"harpagoxenus","Harpagoxenus","gen-8","Palp formula","5,3","high","yes","Bolton 2003, Synopsis and Classification of Formicidae (Mem. Amer. Entomol. Inst. 71), Appendix 2 (PF field)","https://www.antcat.org/references/32544","Harpagoxenus WORKER/intercastes... PF 5,3"
"leptothorax","Leptothorax","gen-8","Palp formula","5,3","high","yes","Bolton 2003, Synopsis and Classification of Formicidae (Mem. Amer. Entomol. Inst. 71), Appendix 2 (PF field)","https://www.antcat.org/references/32544","Leptothorax WORKER... PF 5,3 (AntWiki taxobox 5,3 concurs)"
"messor","Messor","gen-8","Palp formula","5,3;4,3","high","yes","Bolton 2003, Synopsis and Classification of Formicidae (Mem. Amer. Entomol. Inst. 71), Appendix 2 (PF field)","https://www.antcat.org/references/32544","Messor WORKER... PF 5,3; 4,3 (5,3 larger workers, 4,3 smaller)"
"monomorium","Monomorium","gen-8","Palp formula","5,3;3,3;2,3;2,2;1,2;1,1","high","yes","Bolton 2003, Synopsis and Classification of Formicidae (Mem. Amer. Entomol. Inst. 71), Appendix 2 (PF field)","https://www.antcat.org/references/32544","Monomorium... PF 5,3; 3,3; 2,3; 2,2; 1,2; 1,1 (last two in inquilines only) - full Bolton range coded per user"
"myrmecina","Myrmecina","gen-8","Palp formula","4,3;3,2","high","yes","Bolton 2003, Synopsis and Classification of Formicidae (Mem. Amer. Entomol. Inst. 71), Appendix 2 (PF field)","https://www.antcat.org/references/32544","Myrmecina WORKER/QUEEN: AC 11-12(3). PF 4,3; 3,2."
"oxyopomyrmex","Oxyopomyrmex","gen-8","Palp formula","3,3","high","yes","Bolton 2003, Synopsis and Classification of Formicidae (Mem. Amer. Entomol. Inst. 71), Appendix 2 (PF field)","https://www.antcat.org/references/32544","Oxyopomyrmex WORKER/QUEEN: AC 11(3). PF 3,3."
"pheidole","Pheidole","gen-8","Palp formula","3,2;2,2;1,1;1,0","high","yes","Bolton 2003, Synopsis and Classification of Formicidae (Mem. Amer. Entomol. Inst. 71), Appendix 2 (PF field)","https://www.antcat.org/references/32544","Pheidole WORKER (dimorphic)/QUEEN... PF 3,2; 2,2; 1,1; 1,0 (last two inquilines only) - full Bolton range coded per user"
"solenopsis","Solenopsis","gen-8","Palp formula","2,2;1,2","high","yes","Bolton 2003, Synopsis and Classification of Formicidae (Mem. Amer. Entomol. Inst. 71), Appendix 2 (PF field)","https://www.antcat.org/references/32544","Solenopsis WORKER... PF 2,2; 1,2"
"stenamma","Stenamma","gen-8","Palp formula","4,3","high","yes","Bolton 2003, Synopsis and Classification of Formicidae (Mem. Amer. Entomol. Inst. 71), Appendix 2 (PF field)","https://www.antcat.org/references/32544","Stenamma WORKER... PF 4,3"
"strongylognathus","Strongylognathus","gen-8","Palp formula","4,3","high","yes","Bolton 2003, Synopsis and Classification of Formicidae (Mem. Amer. Entomol. Inst. 71), Appendix 2 (PF field)","https://www.antcat.org/references/32544","Strongylognathus WORKER/QUEEN: ... PF 4,3"
"temnothorax","Temnothorax","gen-8","Palp formula","5,3","high","yes","Bolton 2003, Synopsis and Classification of Formicidae (Mem. Amer. Entomol. Inst. 71), Appendix 2 (PF field)","https://www.antcat.org/references/32544","Temnothorax WORKER/intercastes... PF 5,3"
"tetramorium","Tetramorium","gen-8","Palp formula","4,3;4,2;3,3;3,2;2,2","high","yes","Bolton 2003, Synopsis and Classification of Formicidae (Mem. Amer. Entomol. Inst. 71), Appendix 2 (PF field)","https://www.antcat.org/references/32544","Tetramorium WORKER/QUEEN: ... PF 4,3; 4,2; 3,3; 3,2; 2,2 (AntWiki taxobox concurs)"
"dorylus","Dorylus","gen-8","Palp formula","2,2;1,2","high","yes","Bolton 2003, Synopsis and Classification of Formicidae (Mem. Amer. Entomol. Inst. 71), Appendix 2 (PF field)","https://www.antcat.org/references/32544","Dorylus WORKER (polymorphic)... PF 2,2; 1,2 in worker"
"proceratium","Proceratium","gen-8","Palp formula","4,3;3,3;3,2;2,2","high","yes","Bolton 2003, Synopsis and Classification of Formicidae (Mem. Amer. Entomol. Inst. 71), Appendix 2 (PF field)","https://www.antcat.org/references/32544","Proceratium WORKER/QUEEN... PF 4,3; 3,3; 3,2; 2,2"
"cryptopone","Cryptopone","gen-8","Palp formula","2,2","high","yes","Bolton 2003, Synopsis and Classification of Formicidae (Mem. Amer. Entomol. Inst. 71), Appendix 2 (PF field)","https://www.antcat.org/references/32544","Cryptopone WORKER/QUEEN: AC 12(gi,4,5 weak). PF 2,2."
"hypoponera","Hypoponera","gen-8","Palp formula","1,2;1,1","high","yes","Bolton 2003, Synopsis and Classification of Formicidae (Mem. Amer. Entomol. Inst. 71), Appendix 2 (PF field)","https://www.antcat.org/references/32544","Hypoponera WORKER/QUEEN... PF 1,2; 1,1"
"ponera","Ponera","gen-8","Palp formula","2,2","high","yes","Bolton 2003, Synopsis and Classification of Formicidae (Mem. Amer. Entomol. Inst. 71), Appendix 2 (PF field)","https://www.antcat.org/references/32544","Ponera WORKER/QUEEN: AC 12(gi,4,5). PF 2,2."
"stigmatomma","Stigmatomma","gen-8","Palp formula","2;3","high","yes","Borowiec & Salata 2022, A monographic review of ants of Greece Vol 1","https://www.antwiki.org/wiki/Stigmatomma","Key: S. impressifrons ""Palpal formula 5:3""; S. denticulatum ""Palpal formula 4:3"" (Borowiec & Salata 2022) -> genus states 5,3 + 4,3"
"brachyponera","Brachyponera","gen-8","Palp formula","5","medium","yes","Yamane 2007, Pachycondyla nigrita and related species in SE Asia (Mem. Amer. Entomol. Inst. 80)","http://antbase.org/ants/publications/21295/21295.pdf","""Brachyponera has the following recognition characteristics ... palpal formula 3,3 (W/Q)"" (Yamane 2007). Modern genus treatments (Schmidt & Shattuck 2014, Chen et al. 2025) omit palp formula."
"aphaenogaster","Aphaenogaster","gen-21","Cuticle colour","0;2","medium","yes","AntWiki corpus (Italian-species worker descriptions)","https://www.antwiki.org/wiki/Aphaenogaster","A. subterranea ""brown... mesosoma evenly brown, light to dark brown"""
"aphaenogaster","Aphaenogaster","gen-27","Colour pattern","0","medium","yes","AntWiki corpus (Italian-species worker descriptions)","https://www.antwiki.org/wiki/Aphaenogaster","A. subterranea ""brown... mesosoma evenly brown, light to dark brown"""
"cardiocondyla","Cardiocondyla","gen-21","Cuticle colour","0;2;3","high","yes","AntWiki corpus (Italian-species worker descriptions)","https://www.antwiki.org/wiki/Cardiocondyla","C. elegans/nuda ""dark to medium brown, concolorous; lighter yellowish-brown mesosoma"""
"cardiocondyla","Cardiocondyla","gen-27","Colour pattern","0","high","yes","AntWiki corpus (Italian-species worker descriptions)","https://www.antwiki.org/wiki/Cardiocondyla","C. elegans/nuda ""dark to medium brown, concolorous; lighter yellowish-brown mesosoma"""
"crematogaster","Crematogaster","gen-21","Cuticle colour","1;2;3","high","yes","AntWiki corpus (Italian-species worker descriptions)","https://www.antwiki.org/wiki/Crematogaster","C. scutellaris ""head yellowish red contrasting with brown alitrunk and dark gaster"""
"crematogaster","Crematogaster","gen-27","Colour pattern","1","high","yes","AntWiki corpus (Italian-species worker descriptions)","https://www.antwiki.org/wiki/Crematogaster","C. scutellaris ""head yellowish red contrasting with brown alitrunk and dark gaster"""
"formicoxenus","Formicoxenus","gen-21","Cuticle colour","0;1;2;3","high","yes","AntWiki (species page, via browser Cloudflare-bypass)","https://www.antwiki.org/wiki/Formicoxenus_nitidulus","F. nitidulus ""Reddish yellow to brown"" (Collingwood 1979); ""colour variable from light yellowish brown to nearly blackish brown"" (Seifert 2023)"
"formicoxenus","Formicoxenus","gen-27","Colour pattern","0","high","yes","AntWiki (species page, via browser Cloudflare-bypass)","https://www.antwiki.org/wiki/Formicoxenus_nitidulus","F. nitidulus ""Reddish yellow to brown"" (Collingwood 1979); ""colour variable from light yellowish brown to nearly blackish brown"" (Seifert 2023)"
"harpagoxenus","Harpagoxenus","gen-21","Cuticle colour","0;1;2","high","yes","AntWiki (species page, via browser Cloudflare-bypass)","https://www.antwiki.org/wiki/Harpagoxenus_sublaevis","H. sublaevis ""Pale yellowish brown to brown"" (Collingwood 1979)"
"harpagoxenus","Harpagoxenus","gen-27","Colour pattern","0","high","yes","AntWiki (species page, via browser Cloudflare-bypass)","https://www.antwiki.org/wiki/Harpagoxenus_sublaevis","H. sublaevis ""Pale yellowish brown to brown"" (Collingwood 1979)"
"leptothorax","Leptothorax","gen-21","Cuticle colour","0;1;2;4","high","yes","AntWiki (species page, via browser Cloudflare-bypass)","https://www.antwiki.org/wiki/Leptothorax_acervorum","L. acervorum ""Head and gaster black; mesosoma, petiole and postpetiole reddish brown"" (Terayama & Onoyama 1999); ""reddish to brownish yellow with head and gaster darker"" (Collingwood 1979) - bicoloured tagmata"
"leptothorax","Leptothorax","gen-27","Colour pattern","1","high","yes","AntWiki (species page, via browser Cloudflare-bypass)","https://www.antwiki.org/wiki/Leptothorax_acervorum","L. acervorum ""Head and gaster black; mesosoma, petiole and postpetiole reddish brown"" (Terayama & Onoyama 1999); ""reddish to brownish yellow with head and gaster darker"" (Collingwood 1979) - bicoloured tagmata"
"manica","Manica","gen-21","Cuticle colour","0;1;2;4","medium","yes","AntWiki corpus (Italian-species worker descriptions)","https://www.antwiki.org/wiki/Manica","genus diagnosis ""wholly yellowish/reddish brown/black, or head+gaster black with brown mesosoma"""
"manica","Manica","gen-27","Colour pattern","0;1","medium","yes","AntWiki corpus (Italian-species worker descriptions)","https://www.antwiki.org/wiki/Manica","genus diagnosis ""wholly yellowish/reddish brown/black, or head+gaster black with brown mesosoma"""
"messor","Messor","gen-21","Cuticle colour","1;2;3;4","high","yes","AntWiki corpus (Italian-species worker descriptions)","https://www.antwiki.org/wiki/Messor","M. capitatus ""concolorous brown to black""; M. structor ""brown to brownish red"""
"messor","Messor","gen-27","Colour pattern","0","high","yes","AntWiki corpus (Italian-species worker descriptions)","https://www.antwiki.org/wiki/Messor","M. capitatus ""concolorous brown to black""; M. structor ""brown to brownish red"""
"monomorium","Monomorium","gen-21","Cuticle colour","0;2","low","yes","AntWiki corpus (Italian-species worker descriptions)","https://www.antwiki.org/wiki/Monomorium","only exotic M. pharaonis sourced (""uniform yellow to yellow with dark gaster rear""); native spp. uncodified - low conf"
"monomorium","Monomorium","gen-27","Colour pattern","0","low","yes","AntWiki corpus (Italian-species worker descriptions)","https://www.antwiki.org/wiki/Monomorium","only exotic M. pharaonis sourced (""uniform yellow to yellow with dark gaster rear""); native spp. uncodified - low conf"
"myrmecina","Myrmecina","gen-21","Cuticle colour","2;3;4","high","yes","AntWiki corpus (Italian-species worker descriptions)","https://www.antwiki.org/wiki/Myrmecina","M. graminicola ""chiefly dark brown to black"" (appendages ferruginous, not tagmata)"
"myrmecina","Myrmecina","gen-27","Colour pattern","0","high","yes","AntWiki corpus (Italian-species worker descriptions)","https://www.antwiki.org/wiki/Myrmecina","M. graminicola ""chiefly dark brown to black"" (appendages ferruginous, not tagmata)"
"myrmica","Myrmica","gen-21","Cuticle colour","0;1;2","medium","yes","AntWiki corpus (Italian-species worker descriptions)","https://www.antwiki.org/wiki/Myrmica","M. specioides ""yellow red to reddish brown"""
"myrmica","Myrmica","gen-27","Colour pattern","0","medium","yes","AntWiki corpus (Italian-species worker descriptions)","https://www.antwiki.org/wiki/Myrmica","M. specioides ""yellow red to reddish brown"""
"oxyopomyrmex","Oxyopomyrmex","gen-21","Cuticle colour","2;3","high","yes","AntWiki (species page, via browser Cloudflare-bypass)","https://www.antwiki.org/wiki/Oxyopomyrmex_saulcyi","O. saulcyi ""Head, thorax and abdomen from dark brown to brown; appendages paler"" (Salata & Borowiec 2015)"
"oxyopomyrmex","Oxyopomyrmex","gen-27","Colour pattern","0","high","yes","AntWiki (species page, via browser Cloudflare-bypass)","https://www.antwiki.org/wiki/Oxyopomyrmex_saulcyi","O. saulcyi ""Head, thorax and abdomen from dark brown to brown; appendages paler"" (Salata & Borowiec 2015)"
"pheidole","Pheidole","gen-21","Cuticle colour","0","high","yes","AntWiki corpus (Italian-species worker descriptions)","https://www.antwiki.org/wiki/Pheidole","P. pallidula ""overall pale yellowish brown, mandibles dark brown"""
"pheidole","Pheidole","gen-27","Colour pattern","0","high","yes","AntWiki corpus (Italian-species worker descriptions)","https://www.antwiki.org/wiki/Pheidole","P. pallidula ""overall pale yellowish brown, mandibles dark brown"""
"solenopsis","Solenopsis","gen-21","Cuticle colour","0","high","yes","AntWiki corpus (Italian-species worker descriptions)","https://www.antwiki.org/wiki/Solenopsis","S. fugax ""yellow to brownish yellow"""
"solenopsis","Solenopsis","gen-27","Colour pattern","0","high","yes","AntWiki corpus (Italian-species worker descriptions)","https://www.antwiki.org/wiki/Solenopsis","S. fugax ""yellow to brownish yellow"""
"stenamma","Stenamma","gen-21","Cuticle colour","2;3","medium","yes","AntWiki corpus (Italian-species worker descriptions)","https://www.antwiki.org/wiki/Stenamma","S. debile ""mainly brown, darker than most"""
"stenamma","Stenamma","gen-27","Colour pattern","0","medium","yes","AntWiki corpus (Italian-species worker descriptions)","https://www.antwiki.org/wiki/Stenamma","S. debile ""mainly brown, darker than most"""
"strongylognathus","Strongylognathus","gen-21","Cuticle colour","0;1;2","high","yes","AntWiki (species page, via browser Cloudflare-bypass)","https://www.antwiki.org/wiki/Strongylognathus_testaceus","S. testaceus ""Yellowish brown"" (Collingwood 1979)"
"strongylognathus","Strongylognathus","gen-27","Colour pattern","0","high","yes","AntWiki (species page, via browser Cloudflare-bypass)","https://www.antwiki.org/wiki/Strongylognathus_testaceus","S. testaceus ""Yellowish brown"" (Collingwood 1979)"
"strumigenys","Strumigenys","gen-21","Cuticle colour","0;1","high","yes","AntWiki corpus (Italian-species worker descriptions)","https://www.antwiki.org/wiki/Strumigenys","S. argiola ""yellowish to medium ferrugineous"""
"strumigenys","Strumigenys","gen-27","Colour pattern","0","high","yes","AntWiki corpus (Italian-species worker descriptions)","https://www.antwiki.org/wiki/Strumigenys","S. argiola ""yellowish to medium ferrugineous"""
"temnothorax","Temnothorax","gen-21","Cuticle colour","0;1;2;3;4","high","yes","AntWiki corpus (Italian-species worker descriptions)","https://www.antwiki.org/wiki/Temnothorax","genus heterogeneous: T. nylanderi/parvulus bicoloured; T. tuberum ""pale yellowish brown to almost black"""
"temnothorax","Temnothorax","gen-27","Colour pattern","0;1","high","yes","AntWiki corpus (Italian-species worker descriptions)","https://www.antwiki.org/wiki/Temnothorax","genus heterogeneous: T. nylanderi/parvulus bicoloured; T. tuberum ""pale yellowish brown to almost black"""
"tetramorium","Tetramorium","gen-21","Cuticle colour","0;3;4","high","yes","AntWiki corpus (Italian-species worker descriptions)","https://www.antwiki.org/wiki/Tetramorium","T. caespitum ""dark brown to blackish""; T. semilaeve ""yellow to yellowish-brown"""
"tetramorium","Tetramorium","gen-27","Colour pattern","0","high","yes","AntWiki corpus (Italian-species worker descriptions)","https://www.antwiki.org/wiki/Tetramorium","T. caespitum ""dark brown to blackish""; T. semilaeve ""yellow to yellowish-brown"""
"camponotus","Camponotus","gen-21","Cuticle colour","0;1;2;3;4","high","yes","AntWiki corpus (Italian-species worker descriptions)","https://www.antwiki.org/wiki/Camponotus","C. vagus ""whole body black""; C. lateralis ""bicolored head reddish + mesosoma dark"""
"camponotus","Camponotus","gen-27","Colour pattern","0;1","high","yes","AntWiki corpus (Italian-species worker descriptions)","https://www.antwiki.org/wiki/Camponotus","C. vagus ""whole body black""; C. lateralis ""bicolored head reddish + mesosoma dark"""
"cataglyphis","Cataglyphis","gen-21","Cuticle colour","1;2;3;4","medium","yes","AntWiki (species page, via browser Cloudflare-bypass)","https://www.antwiki.org/wiki/Cataglyphis_nodus","C. nodus (congener; Italian C. italica/piliscapa pages empty) ""Head, mesosoma and petiolar node yellowish red to red, gaster dark, reddish brown to black"" (Borowiec & Salata) - classic Cataglyphis bicolour"
"cataglyphis","Cataglyphis","gen-27","Colour pattern","1","medium","yes","AntWiki (species page, via browser Cloudflare-bypass)","https://www.antwiki.org/wiki/Cataglyphis_nodus","C. nodus (congener; Italian C. italica/piliscapa pages empty) ""Head, mesosoma and petiolar node yellowish red to red, gaster dark, reddish brown to black"" (Borowiec & Salata) - classic Cataglyphis bicolour"
"colobopsis","Colobopsis","gen-21","Cuticle colour","0;1;2;3;4","high","yes","AntWiki corpus (Italian-species worker descriptions)","https://www.antwiki.org/wiki/Colobopsis","C. truncata ""uniformly yellow reddish to dark brown; often bicolored, gaster dark to black"""
"colobopsis","Colobopsis","gen-27","Colour pattern","0;1","high","yes","AntWiki corpus (Italian-species worker descriptions)","https://www.antwiki.org/wiki/Colobopsis","C. truncata ""uniformly yellow reddish to dark brown; often bicolored, gaster dark to black"""
"formica","Formica","gen-21","Cuticle colour","1;2;3;4","high","yes","AntWiki corpus (Italian-species worker descriptions)","https://www.antwiki.org/wiki/Formica","F. rufibarbis/cunicularia bicoloured (red alitrunk + dark gaster); F. gagates ""greyish black to black"""
"formica","Formica","gen-27","Colour pattern","0;1","high","yes","AntWiki corpus (Italian-species worker descriptions)","https://www.antwiki.org/wiki/Formica","F. rufibarbis/cunicularia bicoloured (red alitrunk + dark gaster); F. gagates ""greyish black to black"""
"lasius","Lasius","gen-21","Cuticle colour","0;1;2;3;4","high","yes","AntWiki corpus (Italian-species worker descriptions)","https://www.antwiki.org/wiki/Lasius","L. myops ""pale yellow""; L. brunneus ""bicoloured, dark gaster vs pale head+alitrunk""; L. fuliginosus ""black"""
"lasius","Lasius","gen-27","Colour pattern","0;1","high","yes","AntWiki corpus (Italian-species worker descriptions)","https://www.antwiki.org/wiki/Lasius","L. myops ""pale yellow""; L. brunneus ""bicoloured, dark gaster vs pale head+alitrunk""; L. fuliginosus ""black"""
"lepisiota","Lepisiota","gen-21","Cuticle colour","0;1;2;3;4","high","yes","AntWiki (species page, via browser Cloudflare-bypass)","https://www.antwiki.org/wiki/Lepisiota_frauenfeldi","L. frauenfeldi ""Head yellowish brown to dark brown, mesosoma usually completely yellowish red or red, gaster always dark, brown to black"" (Borowiec & Salata 2022) - bicoloured"
"lepisiota","Lepisiota","gen-27","Colour pattern","1","high","yes","AntWiki (species page, via browser Cloudflare-bypass)","https://www.antwiki.org/wiki/Lepisiota_frauenfeldi","L. frauenfeldi ""Head yellowish brown to dark brown, mesosoma usually completely yellowish red or red, gaster always dark, brown to black"" (Borowiec & Salata 2022) - bicoloured"
"nylanderia","Nylanderia","gen-21","Cuticle colour","0;1;2","medium","yes","AntWiki corpus (Italian-species worker descriptions)","https://www.antwiki.org/wiki/Nylanderia","N. vividula/jaegerskioeldi ""head and gaster darker than mesosoma"" (tagmata contrast)"
"nylanderia","Nylanderia","gen-27","Colour pattern","1","medium","yes","AntWiki corpus (Italian-species worker descriptions)","https://www.antwiki.org/wiki/Nylanderia","N. vividula/jaegerskioeldi ""head and gaster darker than mesosoma"" (tagmata contrast)"
"paratrechina","Paratrechina","gen-21","Cuticle colour","0;1;2;3","high","yes","AntWiki corpus (Italian-species worker descriptions)","https://www.antwiki.org/wiki/Paratrechina","P. longicornis ""uniformly yellowish brown to dark brown"""
"paratrechina","Paratrechina","gen-27","Colour pattern","0","high","yes","AntWiki corpus (Italian-species worker descriptions)","https://www.antwiki.org/wiki/Paratrechina","P. longicornis ""uniformly yellowish brown to dark brown"""
"plagiolepis","Plagiolepis","gen-21","Cuticle colour","0;2","high","yes","AntWiki corpus (Italian-species worker descriptions)","https://www.antwiki.org/wiki/Plagiolepis","P. pygmaea ""uniformly brown or blackish brown, legs yellow"""
"plagiolepis","Plagiolepis","gen-27","Colour pattern","0","high","yes","AntWiki corpus (Italian-species worker descriptions)","https://www.antwiki.org/wiki/Plagiolepis","P. pygmaea ""uniformly brown or blackish brown, legs yellow"""
"polyergus","Polyergus","gen-21","Cuticle colour","1","high","yes","AntWiki corpus (Italian-species worker descriptions)","https://www.antwiki.org/wiki/Polyergus","P. rufescens ""completely red"" (thesis Mei); ""deep red to orangey red"""
"polyergus","Polyergus","gen-27","Colour pattern","0","high","yes","AntWiki corpus (Italian-species worker descriptions)","https://www.antwiki.org/wiki/Polyergus","P. rufescens ""completely red"" (thesis Mei); ""deep red to orangey red"""
"prenolepis","Prenolepis","gen-21","Cuticle colour","0;1;2","low","yes","AntWiki corpus (Italian-species worker descriptions)","https://www.antwiki.org/wiki/Prenolepis","genus-level (worldwide) ""pale yellow to dark brown""; P. nitens not species-sourced - low conf"
"prenolepis","Prenolepis","gen-27","Colour pattern","0","low","yes","AntWiki corpus (Italian-species worker descriptions)","https://www.antwiki.org/wiki/Prenolepis","genus-level (worldwide) ""pale yellow to dark brown""; P. nitens not species-sourced - low conf"
"bothriomyrmex","Bothriomyrmex","gen-21","Cuticle colour","0","high","yes","AntWiki (species page, via browser Cloudflare-bypass)","https://www.antwiki.org/wiki/Bothriomyrmex_corsicus","B. corsicus ""Whole body, including antennae and legs yellow"" (Borowiec & Salata 2022)"
"bothriomyrmex","Bothriomyrmex","gen-27","Colour pattern","0","high","yes","AntWiki (species page, via browser Cloudflare-bypass)","https://www.antwiki.org/wiki/Bothriomyrmex_corsicus","B. corsicus ""Whole body, including antennae and legs yellow"" (Borowiec & Salata 2022)"
"dolichoderus","Dolichoderus","gen-21","Cuticle colour","1;4","high","yes","AntWiki corpus (Italian-species worker descriptions)","https://www.antwiki.org/wiki/Dolichoderus","D. quadripunctatus ""black head, red mesosoma, black gaster"" (bicoloured)"
"dolichoderus","Dolichoderus","gen-27","Colour pattern","1","high","yes","AntWiki corpus (Italian-species worker descriptions)","https://www.antwiki.org/wiki/Dolichoderus","D. quadripunctatus ""black head, red mesosoma, black gaster"" (bicoloured)"
"linepithema","Linepithema","gen-21","Cuticle colour","0;1;2","high","yes","AntWiki corpus (Italian-species worker descriptions)","https://www.antwiki.org/wiki/Linepithema","L. humile ""concolorous, medium reddish/yellowish brown, never piceous"""
"linepithema","Linepithema","gen-27","Colour pattern","0","high","yes","AntWiki corpus (Italian-species worker descriptions)","https://www.antwiki.org/wiki/Linepithema","L. humile ""concolorous, medium reddish/yellowish brown, never piceous"""
"liometopum","Liometopum","gen-21","Cuticle colour","1;3;4","medium","yes","AntWiki corpus (Italian-species worker descriptions)","https://www.antwiki.org/wiki/Liometopum","L. microcephalum ""red mesosoma, blackish head and gaster"" (thesis Mei)"
"liometopum","Liometopum","gen-27","Colour pattern","1","medium","yes","AntWiki corpus (Italian-species worker descriptions)","https://www.antwiki.org/wiki/Liometopum","L. microcephalum ""red mesosoma, blackish head and gaster"" (thesis Mei)"
"tapinoma","Tapinoma","gen-21","Cuticle colour","2;3;4","high","yes","AntWiki corpus (Italian-species worker descriptions)","https://www.antwiki.org/wiki/Tapinoma","T. erraticum ""dark brown to black""; T. nigerrimum ""blackish brown"""
"tapinoma","Tapinoma","gen-27","Colour pattern","0","high","yes","AntWiki corpus (Italian-species worker descriptions)","https://www.antwiki.org/wiki/Tapinoma","T. erraticum ""dark brown to black""; T. nigerrimum ""blackish brown"""
"brachyponera","Brachyponera","gen-21","Cuticle colour","2;4","medium","yes","AntWiki corpus (Italian-species worker descriptions)","https://www.antwiki.org/wiki/Brachyponera","B. chinensis ""brown/black body, yellowish-brown appendages"" (appendage contrast, not tagmata)"
"brachyponera","Brachyponera","gen-27","Colour pattern","0","medium","yes","AntWiki corpus (Italian-species worker descriptions)","https://www.antwiki.org/wiki/Brachyponera","B. chinensis ""brown/black body, yellowish-brown appendages"" (appendage contrast, not tagmata)"
"cryptopone","Cryptopone","gen-21","Cuticle colour","0","high","yes","AntWiki corpus (Italian-species worker descriptions)","https://www.antwiki.org/wiki/Cryptopone","C. ochracea ""body uniformly yellow"""
"cryptopone","Cryptopone","gen-27","Colour pattern","0","high","yes","AntWiki corpus (Italian-species worker descriptions)","https://www.antwiki.org/wiki/Cryptopone","C. ochracea ""body uniformly yellow"""
"hypoponera","Hypoponera","gen-21","Cuticle colour","0;2;3;4","high","yes","AntWiki corpus (Italian-species worker descriptions)","https://www.antwiki.org/wiki/Hypoponera","H. abeillei ""light brownish yellow""; H. eduardi ""dark brown to almost black"" (concolorous, size-variable)"
"hypoponera","Hypoponera","gen-27","Colour pattern","0","high","yes","AntWiki corpus (Italian-species worker descriptions)","https://www.antwiki.org/wiki/Hypoponera","H. abeillei ""light brownish yellow""; H. eduardi ""dark brown to almost black"" (concolorous, size-variable)"
"ponera","Ponera","gen-21","Cuticle colour","1;2","medium","yes","AntWiki corpus (Italian-species worker descriptions)","https://www.antwiki.org/wiki/Ponera","P. coarctata ""light golden brown to dark reddish mahogany / brown to dark brown"""
"ponera","Ponera","gen-27","Colour pattern","0","medium","yes","AntWiki corpus (Italian-species worker descriptions)","https://www.antwiki.org/wiki/Ponera","P. coarctata ""light golden brown to dark reddish mahogany / brown to dark brown"""
"stigmatomma","Stigmatomma","gen-21","Cuticle colour","0;1;2","high","yes","AntWiki corpus (Italian-species worker descriptions)","https://www.antwiki.org/wiki/Stigmatomma","S. denticulatum ""yellow to rusty yellow""; S. impressifrons ""rusty yellow to greyish brown"""
"stigmatomma","Stigmatomma","gen-27","Colour pattern","0","high","yes","AntWiki corpus (Italian-species worker descriptions)","https://www.antwiki.org/wiki/Stigmatomma","S. denticulatum ""yellow to rusty yellow""; S. impressifrons ""rusty yellow to greyish brown"""
"dorylus","Dorylus","gen-21","Cuticle colour","1;2;3","medium","yes","Arnold 1915, Monograph of the Formicidae of South Africa Part I (Ann. S. Afr. Mus. 14)","https://biostor.org/reference/109829","D. fulvus badius: majors ""head and thorax dark castaneous red... abdomen dark brownish yellow... legs ferruginous""; minors ""reddish yellow"" (Arnold 1915) - size-variable ferruginous/brown/piceous. Subspecies badius as proxy for nominal fulvus."
"dorylus","Dorylus","gen-27","Colour pattern","0","medium","yes","Arnold 1915, Monograph of the Formicidae of South Africa Part I (Ann. S. Afr. Mus. 14)","https://biostor.org/reference/109829","D. fulvus badius body ""getting gradually lighter from the head to the petiole"" - a size/gradient cline, not sharp tagmata contrast -> concolorous (state 0)."
"leptanilla","Leptanilla","gen-21","Cuticle colour","0","low","yes","AntWiki corpus (Italian-species worker descriptions)","https://www.antwiki.org/wiki/Leptanilla","genus ""minute and pale, subterranean"" (qualitative); L. revelierii not species-sourced"
"leptanilla","Leptanilla","gen-27","Colour pattern","0","low","yes","AntWiki corpus (Italian-species worker descriptions)","https://www.antwiki.org/wiki/Leptanilla","genus ""minute and pale, subterranean"" (qualitative); L. revelierii not species-sourced"
"proceratium","Proceratium","gen-21","Cuticle colour","0;1;2;4","medium","yes","AntWiki corpus (Italian-species worker descriptions)","https://www.antwiki.org/wiki/Proceratium","genus ""yellowish light brown, reddish-brown, dark brown or black; legs concolorous or lighter"""
"proceratium","Proceratium","gen-27","Colour pattern","0","medium","yes","AntWiki corpus (Italian-species worker descriptions)","https://www.antwiki.org/wiki/Proceratium","genus ""yellowish light brown, reddish-brown, dark brown or black; legs concolorous or lighter"""
